gauge_diameter,absolute_angular_error,absolute_read_error,absolute_relative_read_error,reading_accuracy,iou,ocr_iou,ocr_accuracy,base_error_pixels,base_error,base_accuracy,min_error_pixels,min_error,min_accuracy,max_error_pixels,max_error,max_accuracy,needle_tip_error_pixels,needle_tip_error,needle_tip_accuracy
509,1.5959472854215795,0.0616,0.0154,0.9846,0.8891709400834553,0.0,0.0,0.0,0.0,1.0,16.401219466856727,0.03222243510187962,0.9677775648981204,6.082762530298219,0.011950417544790214,0.9880495824552098,24.08318915758459,0.04731471347266128,0.9526852865273387
511,1.5590504113675032,0.1383,0.034575,0.965425,0.9025977143954672,0.0,0.0,0.0,0.0,1.0,14.422205101855956,0.028223493350011657,0.9717765066499884,6.324555320336759,0.012376820587743169,0.9876231794122569,24.758836806279895,0.048451735433033064,0.951548264566967
508,1.1900866593156492,0.118,0.0295,0.9705,0.8955563787024461,0.0,0.0,0.0,0.0,1.0,17.029386365926403,0.033522414106154336,0.9664775858938457,8.94427190999916,0.01760683446850228,0.9823931655314977,25.495097567963924,0.050187199936936856,0.9498128000630631
508,11.98892891865753,0.0433,0.010825,0.989175,0.8939987400367033,0.0,0.0,1.0,0.001968503937007874,0.9980314960629921,36.89173349139343,0.07262152262085321,0.9273784773791468,15.231546211727817,0.029983358684503577,0.9700166413154965,7.810249675906654,0.01537450723603672,0.9846254927639633
508,0.1862747652464405,0.03459999999999999,0.008649999999999998,0.99135,0.8972987062874703,0.0,0.0,1.0,0.001968503937007874,0.9980314960629921,8.48528137423857,0.01670330979180821,0.9832966902081918,11.0,0.021653543307086614,0.9783464566929134,12.206555615733702,0.024028652786877366,0.9759713472131226
508,0.3350655259402391,0.027599999999999986,0.006899999999999996,0.9931,0.8874331258871055,0.0,0.0,1.0,0.001968503937007874,0.9980314960629921,13.45362404707371,0.026483511903688407,0.9735164880963116,9.055385138137417,0.017825561295546098,0.9821744387044539,15.264337522473747,0.03004790850880659,0.9699520914911934
508,0.13577085730369376,0.03210000000000002,0.008025000000000004,0.991975,0.8972987062874703,0.0,0.0,1.0,0.001968503937007874,0.9980314960629921,12.727922061357855,0.025054964687712313,0.9749450353122877,9.219544457292887,0.01814870956160017,0.9818512904383998,12.083045973594572,0.023785523570068055,0.976214476429932
507,0.8752096777992442,0.005599999999999994,0.0013999999999999985,0.9986,0.8955323702514714,0.0,0.0,1.0,0.0019723865877712033,0.9980276134122288,14.212670403551895,0.02803288048037849,0.9719671195196216,4.0,0.007889546351084813,0.9921104536489151,15.524174696260024,0.030619673957120362,0.9693803260428796
507,0.4489202580048186,0.02429999999999999,0.006074999999999997,0.993925,0.8872300719808052,0.0,0.0,2.23606797749979,0.004410390488165266,0.9955896095118347,13.45362404707371,0.02653574762736432,0.9734642523726357,11.045361017187261,0.021785721927391047,0.978214278072609,8.0,0.015779092702169626,0.9842209072978304
504,0.3615418564864399,0.010600000000000054,0.0026500000000000135,0.99735,0.888504753673293,0.0,0.0,1.0,0.001984126984126984,0.998015873015873,14.212670403551895,0.028199742864190268,0.9718002571358098,2.8284271247461903,0.005611958580845616,0.9943880414191544,25.179356624028344,0.04995904092069116,0.9500409590793089
501,0.3192185717195244,0.0049000000000000155,0.0012250000000000039,0.998775,0.8767662681241156,0.0,0.0,1.0,0.001996007984031936,0.998003992015968,14.866068747318506,0.029672791910815382,0.9703272080891846,2.23606797749979,0.004463209535927724,0.9955367904640723,18.24828759089466,0.03642372772633665,0.9635762722736634
503,0.10229712966039983,0.023500000000000076,0.005875000000000019,0.9941249999999999,0.8867418474160047,0.0,0.0,0.0,0.0,1.0,15.620499351813308,0.03105467067954932,0.9689453293204506,6.324555320336759,0.012573668628900117,0.9874263313710999,24.041630560342615,0.0477964822273213,0.9522035177726786
503,0.4966981227808063,0.0010999999999999899,0.00027499999999999747,0.999725,0.88025429811669,0.0,0.0,1.0,0.0019880715705765406,0.9980119284294234,15.620499351813308,0.03105467067954932,0.9689453293204506,5.0990195135927845,0.010137215732788836,0.9898627842672112,23.40939982143925,0.046539562269262924,0.9534604377307371
501,0.05665831184089143,0.009599999999999942,0.0023999999999999855,0.9976,0.8814977157673787,0.0,0.0,1.0,0.001996007984031936,0.998003992015968,14.866068747318506,0.029672791910815382,0.9703272080891846,12.529964086141668,0.02500990835557219,0.9749900916444278,29.966648127543394,0.05981366891725228,0.9401863310827477
502,2.302048103319393,0.038799999999999946,0.009699999999999986,0.9903,0.8752925922134643,0.0,0.0,0.0,0.0,1.0,17.08800749063506,0.03403985555903399,0.965960144440966,10.295630140987,0.02050922338842032,0.9794907766115797,28.653097563788805,0.057077883593204794,0.9429221164067952
502,1.4334944894588233,0.0011999999999998678,0.00029999999999996696,0.9997,0.880020269391165,0.0,0.0,2.0,0.00398406374501992,0.9960159362549801,15.811388300841896,0.03149678944390816,0.9685032105560918,11.40175425099138,0.022712657870500755,0.9772873421294992,29.154759474226502,0.05807721010802092,0.9419227898919791
505,0.29447619869234387,0.02289999999999992,0.00572499999999998,0.994275,0.8902676599305813,0.0,0.0,0.0,0.0,1.0,14.866068747318506,0.02943775989568021,0.9705622401043198,7.211102550927978,0.014279410991936591,0.9857205890080634,22.847319317591726,0.045242216470478665,0.9547577835295213
504,0.26545927601340935,0.009800000000000031,0.0024500000000000077,0.9975499999999999,0.8770421324161651,0.0,0.0,2.0,0.003968253968253968,0.996031746031746,14.212670403551895,0.028199742864190268,0.9718002571358098,2.23606797749979,0.0044366428124995826,0.9955633571875004,15.231546211727817,0.030221321848666303,0.9697786781513337
503,1.3739117744439326,0.0010000000000000009,0.0002500000000000002,0.99975,0.8850166687245339,0.0,0.0,2.0,0.003976143141153081,0.9960238568588469,14.212670403551895,0.028255805971276134,0.9717441940287239,3.0,0.005964214711729622,0.9940357852882704,13.152946437965905,0.026148998882635995,0.973851001117364
500,0.40219732065143177,0.005599999999999938,0.0013999999999999846,0.9986,0.8480462901768252,0.0,0.0,2.0,0.004,0.996,14.866068747318506,0.02973213749463701,0.970267862505363,4.47213595499958,0.00894427190999916,0.9910557280900009,19.924858845171276,0.039849717690342554,0.9601502823096575
503,0.21931698362320873,0.0019000000000000128,0.0004750000000000032,0.999525,0.8867418474160047,0.0,0.0,1.4142135623730951,0.002811557778077724,0.9971884422219223,14.866068747318506,0.02955480864278033,0.9704451913572196,5.385164807134504,0.010706093055933407,0.9892939069440666,23.769728648009426,0.0472559217654263,0.9527440782345737
501,0.7142061716392263,0.00880000000000003,0.0022000000000000075,0.9978,0.8735579236147366,0.0,0.0,1.4142135623730951,0.0028227815616229442,0.997177218438377,14.866068747318506,0.029672791910815382,0.9703272080891846,6.708203932499369,0.013389628607783172,0.9866103713922169,24.041630560342615,0.04798728654759005,0.9520127134524099
505,0.413964824332794,0.005299999999999971,0.0013249999999999929,0.998675,0.8885356216816891,0.0,0.0,1.0,0.0019801980198019802,0.998019801980198,14.866068747318506,0.02943775989568021,0.9705622401043198,11.661903789690601,0.02309287879146654,0.9769071212085335,28.792360097775937,0.05701457445104146,0.9429854255489586
500,0.9401343057607932,0.020100000000000007,0.005025000000000002,0.9949749999999999,0.8797382392888011,0.0,0.0,0.0,0.0,1.0,14.866068747318506,0.02973213749463701,0.970267862505363,2.23606797749979,0.00447213595499958,0.9955278640450004,17.0,0.034,0.966
502,2.397991537543433,0.01100000000000001,0.0027500000000000024,0.99725,0.8834578485684742,0.0,0.0,1.0,0.00199203187250996,0.99800796812749,15.811388300841896,0.03149678944390816,0.9685032105560918,7.615773105863909,0.015170862760685078,0.984829137239315,26.248809496813376,0.052288465133094375,0.9477115348669056
502,0.8347890899926753,0.005199999999999982,0.0012999999999999956,0.9987,0.8832571922459563,0.0,0.0,1.0,0.00199203187250996,0.99800796812749,14.212670403551895,0.028312092437354372,0.9716879075626457,7.280109889280518,0.01450221093482175,0.9854977890651783,23.08679276123039,0.04598962701440317,0.9540103729855969
503,0.19467578780987083,0.020399999999999974,0.005099999999999993,0.9949,0.8832914900330631,0.0,0.0,1.0,0.0019880715705765406,0.9980119284294234,14.866068747318506,0.02955480864278033,0.9704451913572196,4.123105625617661,0.008197029076774673,0.9918029709232253,19.924858845171276,0.039612045417835536,0.9603879545821644
505,0.3124696952693,0.0040999999999999925,0.0010249999999999981,0.998975,0.8885356216816891,0.0,0.0,1.0,0.0019801980198019802,0.998019801980198,14.142135623730951,0.02800422895788307,0.971995771042117,2.0,0.0039603960396039604,0.996039603960396,14.866068747318506,0.02943775989568021,0.9705622401043198
502,0.0762359158873025,0.01319999999999999,0.0032999999999999974,0.9967,0.8832571922459563,0.0,0.0,0.0,0.0,1.0,14.866068747318506,0.029613682763582682,0.9703863172364173,3.0,0.00597609561752988,0.9940239043824701,17.72004514666935,0.03529889471448078,0.9647011052855192
501,0.049713378836727884,0.00990000000000002,0.002475000000000005,0.997525,0.8797793966333293,0.0,0.0,0.0,0.0,1.0,15.620499351813308,0.031178641420785046,0.9688213585792149,5.385164807134504,0.01074883195036827,0.9892511680496318,13.601470508735444,0.027148643730010868,0.9728513562699891
503,0.09964206204752202,0.01749999999999996,0.00437499999999999,0.995625,0.8785350514406809,0.0,0.0,1.0,0.0019880715705765406,0.9980119284294234,14.866068747318506,0.02955480864278033,0.9704451913572196,7.615773105863909,0.015140701999729441,0.9848592980002706,22.80350850198276,0.045335006962192365,0.9546649930378076
504,0.48763461275989783,0.026599999999999957,0.006649999999999989,0.99335,0.888504753673293,0.0,0.0,1.0,0.001984126984126984,0.998015873015873,14.212670403551895,0.028199742864190268,0.9718002571358098,9.433981132056603,0.018718216531858338,0.9812817834681417,23.769728648009426,0.04716216001589172,0.9528378399841083
499,0.5564373097213888,0.00539999999999996,0.00134999999999999,0.99865,0.8749837641252111,0.0,0.0,0.0,0.0,1.0,14.866068747318506,0.029791720936510033,0.9702082790634899,1.4142135623730951,0.002834095315376944,0.9971659046846231,17.72004514666935,0.03551111251837545,0.9644888874816245
498,0.3972555663152093,0.0016999999999999238,0.00042499999999998095,0.999575,0.8745112565337284,0.0,0.0,0.0,0.0,1.0,14.142135623730951,0.028397862698254922,0.971602137301745,3.1622776601683795,0.006349955140900361,0.9936500448590997,18.439088914585774,0.03702628296101561,0.9629737170389844
502,0.03730832642963122,0.009400000000000075,0.0023500000000000187,0.9976499999999999,0.8767944546225152,0.0,0.0,1.0,0.00199203187250996,0.99800796812749,14.212670403551895,0.028312092437354372,0.9716879075626457,7.615773105863909,0.015170862760685078,0.984829137239315,24.515301344262525,0.04883526164195722,0.9511647383580428
499,0.4439376496546501,0.009199999999999986,0.0022999999999999965,0.9977,0.8732781427526473,0.0,0.0,1.0,0.002004008016032064,0.9979959919839679,14.866068747318506,0.029791720936510033,0.9702082790634899,7.615773105863909,0.015262070352432683,0.9847379296475673,26.30589287593181,0.052717220192248115,0.9472827798077519
503,0.10431821457714108,0.01200000000000001,0.0030000000000000027,0.997,0.856196236967689,0.0,0.0,0.0,0.0,1.0,14.866068747318506,0.02955480864278033,0.9704451913572196,3.1622776601683795,0.006286834314450059,0.9937131656855499,16.278820596099706,0.03236346042962168,0.9676365395703783
502,0.5177038742287365,0.013299999999999979,0.0033249999999999946,0.996675,0.8849789411587164,0.0,0.0,0.0,0.0,1.0,14.866068747318506,0.029613682763582682,0.9703863172364173,7.280109889280518,0.01450221093482175,0.9854977890651783,25.709920264364882,0.05121498060630455,0.9487850193936954
502,0.49171686016318716,0.02090000000000003,0.005225000000000007,0.994775,0.8832571922459563,0.0,0.0,0.0,0.0,1.0,14.866068747318506,0.029613682763582682,0.9703863172364173,4.0,0.00796812749003984,0.9920318725099602,21.587033144922902,0.043002058057615346,0.9569979419423846
501,0.25794605558803596,0.013800000000000034,0.0034500000000000086,0.99655,0.8832160349014282,0.0,0.0,1.4142135623730951,0.0028227815616229442,0.997177218438377,14.866068747318506,0.029672791910815382,0.9703272080891846,12.529964086141668,0.02500990835557219,0.9749900916444278,28.861739379323623,0.05760826223417889,0.9423917377658211
500,0.12440313818175497,0.012900000000000023,0.0032250000000000056,0.996775,0.8765202147474526,0.0,0.0,1.0,0.002,0.998,14.866068747318506,0.02973213749463701,0.970267862505363,13.416407864998739,0.02683281572999748,0.9731671842700025,30.805843601498726,0.06161168720299745,0.9383883127970025
502,0.24304975753467062,0.014100000000000001,0.0035250000000000004,0.996475,0.8849789411587164,0.0,0.0,1.0,0.00199203187250996,0.99800796812749,14.866068747318506,0.029613682763582682,0.9703863172364173,6.708203932499369,0.013362956040835398,0.9866370439591646,17.46424919657298,0.034789341029029835,0.9652106589709701
501,0.1503664201710322,0.0028999999999999027,0.0007249999999999757,0.999275,0.8654703487956908,0.0,0.0,1.4142135623730951,0.0028227815616229442,0.997177218438377,14.866068747318506,0.029672791910815382,0.9703272080891846,4.123105625617661,0.008229751747739841,0.9917702482522601,20.615528128088304,0.041148758738699207,0.9588512412613008
499,0.12654856012041193,0.02299999999999991,0.005749999999999977,0.9942500000000001,0.8779787628102235,0.0,0.0,1.0,0.002004008016032064,0.9979959919839679,14.866068747318506,0.029791720936510033,0.9702082790634899,5.0,0.01002004008016032,0.9899799599198397,21.840329667841555,0.04376819572713739,0.9562318042728626
501,0.7023298723094484,0.0037000000000000366,0.0009250000000000091,0.9990749999999999,0.8832160349014282,0.0,0.0,0.0,0.0,1.0,14.866068747318506,0.029672791910815382,0.9703272080891846,9.848857801796104,0.01965839880598025,0.9803416011940198,26.570660511172846,0.05303525052130309,0.9469647494786969
501,0.21220824949978834,0.02100000000000002,0.005250000000000005,0.99475,0.8797793966333293,0.0,0.0,1.0,0.001996007984031936,0.998003992015968,14.142135623730951,0.028227815616229442,0.9717721843837706,7.280109889280518,0.014531157463633768,0.9854688425363662,23.08679276123039,0.04608142267710657,0.9539185773228934
500,0.189367686712842,0.01089999999999991,0.0027249999999999774,0.997275,0.8637575493770063,0.0,0.0,1.0,0.002,0.998,14.142135623730951,0.0282842712474619,0.9717157287525381,6.324555320336759,0.012649110640673518,0.9873508893593265,22.847319317591726,0.04569463863518345,0.9543053613648166
500,0.06690421859406825,0.028299999999999992,0.007074999999999998,0.9929250000000001,0.8733131895927045,0.0,0.0,1.0,0.002,0.998,14.866068747318506,0.02973213749463701,0.970267862505363,7.280109889280518,0.014560219778561036,0.985439780221439,23.259406699226016,0.046518813398452034,0.953481186601548
500,0.10555013369426547,0.0045000000000000595,0.0011250000000000149,0.998875,0.8733131895927045,0.0,0.0,1.0,0.002,0.998,15.620499351813308,0.031240998703626614,0.9687590012963734,3.605551275463989,0.007211102550927978,0.9927888974490721,20.615528128088304,0.04123105625617661,0.9587689437438234
501,0.6827087030872292,0.010000000000000009,0.0025000000000000022,0.9975,0.8799856196394639,0.0,0.0,0.0,0.0,1.0,14.866068747318506,0.029672791910815382,0.9703272080891846,11.180339887498949,0.022316047679638622,0.9776839523203614,28.178005607210743,0.056243524166089305,0.9437564758339106
503,0.8742744199458343,0.010299999999999976,0.002574999999999994,0.997425,0.8785350514406809,0.0,0.0,1.4142135623730951,0.002811557778077724,0.9971884422219223,14.142135623730951,0.028115577780777237,0.9718844222192228,10.44030650891055,0.02075607655847028,0.9792439234415298,10.63014581273465,0.021133490681381015,0.978866509318619
504,1.1435865419758215,0.018799999999999928,0.004699999999999982,0.9953000000000001,0.8819982773471146,0.0,0.0,0.0,0.0,1.0,15.264337522473747,0.030286383973162197,0.9697136160268378,10.295630140987,0.020427837581323414,0.9795721624186766,27.294688127912362,0.054156127237921355,0.9458438727620786
501,0.6139872809653326,0.01649999999999996,0.00412499999999999,0.9958750000000001,0.8767662681241156,0.0,0.0,0.0,0.0,1.0,16.64331697709324,0.03322019356705237,0.9667798064329476,10.295630140987,0.020550159962049903,0.9794498400379501,26.92582403567252,0.05374415975184136,0.9462558402481587
500,0.7032111446106057,0.005700000000000038,0.0014250000000000096,0.998575,0.8767312451292708,0.0,0.0,1.4142135623730951,0.0028284271247461905,0.9971715728752538,18.027756377319946,0.03605551275463989,0.9639444872453601,13.038404810405298,0.026076809620810597,0.9739231903791894,28.844410203711913,0.057688820407423826,0.9423111795925762
500,0.7111149897974514,0.021199999999999886,0.005299999999999971,0.9947,0.8733131895927045,0.0,0.0,0.0,0.0,1.0,14.422205101855956,0.028844410203711913,0.9711555897962881,7.615773105863909,0.015231546211727818,0.9847684537882722,25.553864678361276,0.05110772935672255,0.9488922706432774
504,1.0294767201781951,0.009599999999999831,0.0023999999999999577,0.9976,0.880275624461671,0.0,0.0,0.0,0.0,1.0,20.808652046684813,0.041287008029136534,0.9587129919708635,14.422205101855956,0.028615486313206262,0.9713845136867938,31.38470965295043,0.062271249311409586,0.9377287506885904
502,0.6943506628829255,0.00770000000000004,0.00192500000000001,0.998075,0.8849789411587164,0.0,0.0,0.0,0.0,1.0,17.4928556845359,0.03484632606481255,0.9651536739351875,11.180339887498949,0.02227159340139233,0.9777284065986077,28.844410203711913,0.05745898446954564,0.9425410155304543
504,0.8803205948118062,0.01629999999999998,0.004074999999999995,0.995925,0.8819982773471146,0.0,0.0,0.0,0.0,1.0,15.264337522473747,0.030286383973162197,0.9697136160268378,8.94427190999916,0.01774657124999833,0.9822534287500017,26.92582403567252,0.053424254039032774,0.9465757459609673
502,1.443285418258185,0.014699999999999935,0.003674999999999984,0.996325,0.8849789411587164,0.0,0.0,1.0,0.00199203187250996,0.99800796812749,16.64331697709324,0.03315401788265585,0.9668459821173442,13.038404810405298,0.02597291794901454,0.9740270820509854,27.784887978899608,0.055348382428086866,0.9446516175719132
500,0.8879786668148029,0.020999999999999908,0.005249999999999977,0.99475,0.8733131895927045,0.0,0.0,1.0,0.002,0.998,13.038404810405298,0.026076809620810597,0.9739231903791894,8.94427190999916,0.01788854381999832,0.9821114561800017,26.076809620810597,0.052153619241621194,0.9478463807583788
503,1.0897267728160784,0.012599999999999945,0.003149999999999986,0.99685,0.8850166687245339,0.0,0.0,0.0,0.0,1.0,20.248456731316587,0.040255381175579696,0.9597446188244203,14.422205101855956,0.02867237594802377,0.9713276240519763,31.906112267087632,0.06343163472582035,0.9365683652741796
503,1.7940693344775411,0.013499999999999845,0.0033749999999999614,0.9966250000000001,0.864228950980226,0.0,0.0,1.0,0.0019880715705765406,0.9980119284294234,23.021728866442675,0.045768844664895975,0.954231155335104,18.027756377319946,0.03584046993502971,0.9641595300649702,32.7566787083184,0.06512262168651768,0.9348773783134823
501,0.7207311693019278,0.007800000000000029,0.0019500000000000073,0.99805,0.8750538340066857,0.0,0.0,0.0,0.0,1.0,19.4164878389476,0.0387554647483984,0.9612445352516016,13.892443989449804,0.027729429120658292,0.9722705708793417,29.68164415931166,0.059244798721180957,0.9407552012788191
505,1.3225543943085682,0.01309999999999989,0.0032749999999999724,0.9967250000000001,0.8723209640618996,0.0,0.0,1.0,0.0019801980198019802,0.998019801980198,21.633307652783937,0.04283823297580978,0.9571617670241902,17.4928556845359,0.0346393181871998,0.9653606818128002,31.622776601683793,0.06261935960729464,0.9373806403927054
503,0.5507207314937119,0.03880000000000017,0.009700000000000042,0.9903,0.8867418474160047,0.0,0.0,1.0,0.0019880715705765406,0.9980119284294234,14.142135623730951,0.028115577780777237,0.9718844222192228,19.849433241279208,0.03946209391904415,0.9605379060809558,33.60059523282288,0.06680038813682482,0.9331996118631751
504,1.0205090455489625,0.015499999999999847,0.003874999999999962,0.996125,0.888504753673293,0.0,0.0,1.0,0.001984126984126984,0.998015873015873,18.601075237738275,0.03690689531297277,0.9630931046870272,14.422205101855956,0.028615486313206262,0.9713845136867938,29.410882339705484,0.05835492527719342,0.9416450747228066
501,0.050889387519475804,0.021199999999999886,0.005299999999999971,0.9947,0.8814977157673787,0.0,0.0,1.0,0.001996007984031936,0.998003992015968,14.142135623730951,0.028227815616229442,0.9717721843837706,16.1245154965971,0.03218466166985449,0.9678153383301455,31.622776601683793,0.06311931457421914,0.9368806854257808
502,1.3244864823729614,0.011900000000000022,0.0029750000000000054,0.997025,0.8767944546225152,0.0,0.0,1.0,0.00199203187250996,0.99800796812749,17.204650534085253,0.03427221221929334,0.9657277877807067,14.7648230602334,0.02941199812795498,0.970588001872045,28.0178514522438,0.05581245309211912,0.9441875469078809
502,1.315896691463493,0.014100000000000001,0.0035250000000000004,0.996475,0.8767944546225152,0.0,0.0,1.0,0.00199203187250996,0.99800796812749,16.64331697709324,0.03315401788265585,0.9668459821173442,12.529964086141668,0.024960087820999337,0.9750399121790007,28.600699292150182,0.05697350456603622,0.9430264954339638
502,1.4783316987276294,0.014600000000000168,0.003650000000000042,0.99635,0.8867006900714766,0.0,0.0,1.0,0.00199203187250996,0.99800796812749,18.027756377319946,0.03591186529346603,0.964088134706534,13.892443989449804,0.027674191214043433,0.9723258087859565,29.410882339705484,0.058587415019333636,0.9414125849806664
503,0.04866485143854504,0.03440000000000021,0.008600000000000052,0.9914,0.8832914900330631,0.0,0.0,1.0,0.0019880715705765406,0.9980119284294234,14.142135623730951,0.028115577780777237,0.9718844222192228,13.892443989449804,0.027619172941252094,0.972380827058748,30.0,0.05964214711729622,0.9403578528827038
504,1.8763912046749027,0.006899999999999906,0.0017249999999999766,0.998275,0.8819982773471146,0.0,0.0,2.0,0.003968253968253968,0.996031746031746,15.264337522473747,0.030286383973162197,0.9697136160268378,10.295630140987,0.020427837581323414,0.9795721624186766,25.612496949731394,0.05081844632883213,0.9491815536711679
505,0.4468477705184313,0.0,0.0,1.0,0.8902676599305813,0.0,0.0,0.0,0.0,1.0,10.295630140987,0.02038738641779604,0.979612613582204,4.123105625617661,0.008164565595282496,0.9918354344047176,19.1049731745428,0.0378316300485996,0.9621683699514004
503,1.8092945794471404,0.0021999999999999797,0.0005499999999999949,0.99945,0.875310929358897,0.0,0.0,2.23606797749979,0.004445463175943916,0.995554536824056,12.529964086141668,0.024910465380003317,0.9750895346199967,7.615773105863909,0.015140701999729441,0.9848592980002706,23.430749027719962,0.04658200601932398,0.9534179939806761
502,1.8329483965179776,0.0051000000000001044,0.0012750000000000261,0.998725,0.8832571922459563,0.0,0.0,1.0,0.00199203187250996,0.99800796812749,14.7648230602334,0.02941199812795498,0.970588001872045,9.848857801796104,0.019619238648996222,0.9803807613510038,24.20743687382041,0.04822198580442313,0.9517780141955768
502,1.308779444266193,0.0045999999999999375,0.0011499999999999844,0.99885,0.8817390589798196,0.0,0.0,1.0,0.00199203187250996,0.99800796812749,13.038404810405298,0.02597291794901454,0.9740270820509854,9.433981132056603,0.018792791099714348,0.9812072089002857,24.839484696748443,0.0494810452126463,0.9505189547873537
501,1.080458363992733,0.00019999999999997797,4.999999999999449e-05,0.99995,0.8686539404839765,0.0,0.0,0.0,0.0,1.0,15.264337522473747,0.030467739565815864,0.9695322604341842,9.899494936611665,0.019759470931360608,0.9802405290686393,27.65863337187866,0.05520685303768196,0.9447931469623181
502,1.031805774057048,0.014999999999999902,0.0037499999999999756,0.9962500000000001,0.8832571922459563,0.0,0.0,2.0,0.00398406374501992,0.9960159362549801,13.038404810405298,0.02597291794901454,0.9740270820509854,9.433981132056603,0.018792791099714348,0.9812072089002857,24.758836806279895,0.04932039204438226,0.9506796079556178
503,0.09076012245192544,0.021299999999999875,0.005324999999999969,0.994675,0.8867418474160047,0.0,0.0,0.0,0.0,1.0,14.422205101855956,0.02867237594802377,0.9713276240519763,9.433981132056603,0.01875542968599722,0.9812445703140028,26.1725046566048,0.05203281243857813,0.9479671875614218
503,1.1058441751420105,0.008499999999999952,0.002124999999999988,0.9978750000000001,0.8850166687245339,0.0,0.0,0.0,0.0,1.0,15.264337522473747,0.030346595472114806,0.9696534045278852,9.219544457292887,0.018329114229210512,0.9816708857707895,26.248809496813376,0.05218451192209419,0.9478154880779058
504,0.8744236702483192,0.0020000000000000018,0.0005000000000000004,0.9995,0.88504753673293,0.0,0.0,1.4142135623730951,0.002805979290422808,0.9971940207095772,11.661903789690601,0.02313869799541786,0.9768613020045821,6.708203932499369,0.01330992843749875,0.9866900715625012,22.627416997969522,0.044895668646764926,0.955104331353235
504,0.8032845478113018,0.0007999999999999119,0.00019999999999997797,0.9998,0.8867761452031115,0.0,0.0,1.0,0.001984126984126984,0.998015873015873,15.620499351813308,0.030993054269470847,0.9690069457305291,5.0,0.00992063492063492,0.9900793650793651,22.67156809750927,0.04498327003474061,0.9550167299652594
504,1.7915101701616152,0.009100000000000108,0.002275000000000027,0.997725,0.8852459016393442,0.0,0.0,1.0,0.001984126984126984,0.998015873015873,15.811388300841896,0.03137180218421011,0.9686281978157899,12.041594578792296,0.023892052735699,0.9761079472643011,27.018512172212592,0.05360815907185038,0.9463918409281497
505,0.8267436365370457,0.0046999999999999265,0.0011749999999999816,0.9988250000000001,0.8885356216816891,0.0,0.0,1.0,0.0019801980198019802,0.998019801980198,13.038404810405298,0.025818623386941186,0.9741813766130588,8.94427190999916,0.01771142952475081,0.9822885704752492,24.041630560342615,0.047607189228401216,0.9523928107715988
505,0.9259971474208015,0.01629999999999998,0.004074999999999995,0.995925,0.8738214616600359,0.0,0.0,1.0,0.0019801980198019802,0.998019801980198,13.038404810405298,0.025818623386941186,0.9741813766130588,8.54400374531753,0.016918819297658476,0.9830811807023415,25.45584412271571,0.050407612124189524,0.9495923878758105
505,1.1664830883763386,0.005300000000000082,0.0013250000000000206,0.998675,0.8885356216816891,0.0,0.0,1.4142135623730951,0.002800422895788307,0.9971995771042117,16.64331697709324,0.03295706332097671,0.9670429366790233,11.661903789690601,0.02309287879146654,0.9769071212085335,29.0,0.05742574257425743,0.9425742574257425
505,0.6808207838472384,0.010199999999999987,0.0025499999999999967,0.99745,0.885270261479308,0.0,0.0,0.0,0.0,1.0,12.529964086141668,0.024811810071567658,0.9751881899284324,6.324555320336759,0.012523871921458929,0.9874761280785411,24.041630560342615,0.047607189228401216,0.9523928107715988
504,0.9042668805801384,0.0013000000000000789,0.0003250000000000197,0.999675,0.88504753673293,0.0,0.0,1.0,0.001984126984126984,0.998015873015873,10.295630140987,0.020427837581323414,0.9795721624186766,6.324555320336759,0.012548720873684046,0.9874512791263159,21.213203435596427,0.042089689356342115,0.9579103106436578
506,1.4308539766689137,0.00019999999999997797,4.999999999999449e-05,0.99995,0.8852877734789605,0.0,0.0,1.4142135623730951,0.002794888463187935,0.997205111536812,12.529964086141668,0.02476277487379776,0.9752372251262023,7.280109889280518,0.014387568951147268,0.9856124310488528,24.758836806279895,0.048930507522292284,0.9510694924777077
505,2.1402381175243477,0.00029999999999996696,7.499999999999174e-05,0.999925,0.886803583432797,0.0,0.0,2.23606797749979,0.004427857381187702,0.9955721426188123,13.892443989449804,0.027509790078118424,0.9724902099218816,8.94427190999916,0.01771142952475081,0.9822885704752492,25.495097567963924,0.050485341718740445,0.9495146582812596
503,0.3999625886521869,0.009200000000000097,0.0023000000000000242,0.9977,0.8850166687245339,0.0,0.0,1.0,0.0019880715705765406,0.9980119284294234,14.212670403551895,0.028255805971276134,0.9717441940287239,6.082762530298219,0.012092967257054114,0.9879070327429459,26.1725046566048,0.05203281243857813,0.9479671875614218
508,0.23885284848012134,0.0018000000000000238,0.00045000000000000595,0.9995499999999999,0.8905201457174943,0.0,0.0,1.4142135623730951,0.0027838849653013683,0.9972161150346986,14.142135623730951,0.027838849653013684,0.9721611503469864,8.94427190999916,0.01760683446850228,0.9823931655314977,25.45584412271571,0.050109929375424626,0.9498900706245754
505,1.1096907101754425,0.008599999999999941,0.0021499999999999853,0.99785,0.8902676599305813,0.0,0.0,1.0,0.0019801980198019802,0.998019801980198,14.422205101855956,0.028558821983873182,0.9714411780161268,8.94427190999916,0.01771142952475081,0.9822885704752492,26.1725046566048,0.051826741894266934,0.948173258105733
505,2.2240784475953035,0.006599999999999939,0.0016499999999999848,0.9983500000000001,0.8902676599305813,0.0,0.0,1.0,0.0019801980198019802,0.998019801980198,12.529964086141668,0.024811810071567658,0.9751881899284324,7.615773105863909,0.015080738823492888,0.9849192611765071,22.80350850198276,0.04515546238016388,0.9548445376198361
507,0.3934317419514315,0.005400000000000071,0.0013500000000000179,0.99865,0.8920545746388443,0.0,0.0,1.0,0.0019723865877712033,0.9980276134122288,13.038404810405298,0.025716774773974948,0.9742832252260251,7.615773105863909,0.015021248729514613,0.9849787512704854,25.495097567963924,0.050286188496970266,0.9497138115030297
504,2.4429928523040587,0.021300000000000097,0.005325000000000024,0.994675,0.8867761452031115,0.0,0.0,1.4142135623730951,0.002805979290422808,0.9971940207095772,12.529964086141668,0.02486103985345569,0.9751389601465443,7.615773105863909,0.015110660924333151,0.9848893390756669,23.600847442411894,0.046827078258753756,0.9531729217412462
503,1.1112180613748421,0.019000000000000128,0.004750000000000032,0.99525,0.8850166687245339,0.0,0.0,1.0,0.0019880715705765406,0.9980119284294234,12.206555615733702,0.024267506194301593,0.9757324938056984,8.06225774829855,0.016028345424052782,0.9839716545759473,24.08318915758459,0.04787910369301111,0.9521208963069889
503,0.8586198365116928,0.008799999999999919,0.0021999999999999797,0.9978,0.8867418474160047,0.0,0.0,1.0,0.0019880715705765406,0.9980119284294234,13.601470508735444,0.027040696836452174,0.9729593031635478,8.54400374531753,0.016986090944965268,0.9830139090550347,24.758836806279895,0.04922233957510914,0.9507776604248909
503,0.9283763756838539,0.01089999999999991,0.0027249999999999774,0.997275,0.883492486313072,0.0,0.0,1.0,0.0019880715705765406,0.9980119284294234,15.0,0.02982107355864811,0.9701789264413518,10.0,0.019880715705765408,0.9801192842942346,26.1725046566048,0.05203281243857813,0.9479671875614218
504,1.2602258511480073,0.008899999999999908,0.002224999999999977,0.9977750000000001,0.880275624461671,0.0,0.0,1.0,0.001984126984126984,0.998015873015873,13.601470508735444,0.026987044660189374,0.9730129553398106,8.06225774829855,0.01599654315138601,0.984003456848614,22.67156809750927,0.04498327003474061,0.9550167299652594
499,0.7027687032304897,0.0052000000000000934,0.0013000000000000234,0.9986999999999999,0.8730616339625354,0.0,0.0,1.4142135623730951,0.002834095315376944,0.9971659046846231,15.0,0.03006012024048096,0.969939879759519,8.54400374531753,0.017122251994624308,0.9828777480053756,24.041630560342615,0.04817962036140805,0.951820379638592
503,1.2084853559200468,0.01089999999999991,0.0027249999999999774,0.997275,0.8850166687245339,0.0,0.0,1.4142135623730951,0.002811557778077724,0.9971884422219223,11.180339887498949,0.02222731587971958,0.9777726841202804,7.615773105863909,0.015140701999729441,0.9848592980002706,24.041630560342615,0.0477964822273213,0.9522035177726786
500,1.3233283566451632,0.0026999999999999247,0.0006749999999999812,0.999325,0.8701171075260011,0.0,0.0,1.0,0.002,0.998,10.295630140987,0.020591260281974003,0.979408739718026,6.708203932499369,0.01341640786499874,0.9865835921350012,21.93171219946131,0.043863424398922615,0.9561365756010773
501,1.7471985786226725,0.0009999999999998899,0.00024999999999997247,0.99975,0.8720671190320471,0.0,0.0,1.0,0.001996007984031936,0.998003992015968,13.416407864998739,0.026779257215566343,0.9732207427844337,6.324555320336759,0.01262386291484383,0.9873761370851561,23.345235059857504,0.04659727556857785,0.9534027244314222
503,1.9165605137776538,0.015000000000000124,0.003750000000000031,0.99625,0.8850166687245339,0.0,0.0,1.0,0.0019880715705765406,0.9980119284294234,12.529964086141668,0.024910465380003317,0.9750895346199967,7.615773105863909,0.015140701999729441,0.9848592980002706,24.839484696748443,0.04938267335337663,0.9506173266466234
501,1.4497812825614318,0.007900000000000018,0.0019750000000000045,0.9980249999999999,0.8849343540354776,0.0,0.0,1.0,0.001996007984031936,0.998003992015968,12.206555615733702,0.024364382466534336,0.9756356175334656,7.280109889280518,0.014531157463633768,0.9854688425363662,22.02271554554524,0.04395751605897253,0.9560424839410274
502,1.589761846658888,0.007000000000000117,0.0017500000000000293,0.99825,0.87851029504252,0.0,0.0,1.4142135623730951,0.002817158490783058,0.997182841509217,14.422205101855956,0.02872949223477282,0.9712705077652272,10.295630140987,0.02050922338842032,0.9794907766115797,24.839484696748443,0.0494810452126463,0.9505189547873537
501,1.0915095502571717,0.0026999999999999247,0.0006749999999999812,0.999325,0.8814977157673787,0.0,0.0,1.4142135623730951,0.0028227815616229442,0.997177218438377,10.816653826391969,0.021590127397987963,0.9784098726020121,5.0990195135927845,0.010177683659865837,0.9898223163401342,21.93171219946131,0.043775872653615384,0.9562241273463846
502,0.1371206046289899,0.001000000000000112,0.000250000000000028,0.9997499999999999,0.880020269391165,0.0,0.0,1.4142135623730951,0.002817158490783058,0.997182841509217,13.601470508735444,0.027094562766405268,0.9729054372335947,8.54400374531753,0.017019927779516993,0.982980072220483,24.08318915758459,0.0479744803935948,0.9520255196064052
501,0.9794401613186068,0.01079999999999992,0.00269999999999998,0.9973000000000001,0.8750538340066857,0.0,0.0,1.4142135623730951,0.0028227815616229442,0.997177218438377,15.811388300841896,0.03155965728710957,0.9684403427128905,10.295630140987,0.020550159962049903,0.9794498400379501,26.870057685088806,0.05363284967083594,0.9463671503291641
506,0.9292871202244726,0.019000000000000128,0.004750000000000032,0.99525,0.8805044322066862,0.0,0.0,0.0,0.0,1.0,11.661903789690601,0.023047240691088145,0.9769527593089119,10.0,0.019762845849802372,0.9802371541501976,24.08318915758459,0.04759523548929761,0.9524047645107024
503,1.3215824328188432,0.00770000000000004,0.00192500000000001,0.998075,0.8832914900330631,0.0,0.0,2.23606797749979,0.004445463175943916,0.995554536824056,14.422205101855956,0.02867237594802377,0.9713276240519763,10.295630140987,0.0204684495844672,0.9795315504155327,25.45584412271571,0.05060804000539903,0.949391959994601
503,1.5028252920367322,0.02089999999999992,0.00522499999999998,0.994775,0.88025429811669,0.0,0.0,1.4142135623730951,0.002811557778077724,0.9971884422219223,12.206555615733702,0.024267506194301593,0.9757324938056984,7.615773105863909,0.015140701999729441,0.9848592980002706,23.430749027719962,0.04658200601932398,0.9534179939806761
498,1.5119859613068627,0.014599999999999946,0.0036499999999999866,0.9963500000000001,0.8762192863316459,0.0,0.0,1.4142135623730951,0.002839786269825492,0.9971602137301745,14.422205101855956,0.028960251208546096,0.9710397487914539,9.848857801796104,0.0197768228951729,0.9802231771048271,26.248809496813376,0.05270845280484614,0.9472915471951538
500,0.823675267442951,0.0045999999999999375,0.0011499999999999844,0.99885,0.8686351187475303,0.0,0.0,1.0,0.002,0.998,11.661903789690601,0.023323807579381205,0.9766761924206188,8.94427190999916,0.01788854381999832,0.9821114561800017,23.345235059857504,0.04669047011971501,0.953309529880285
502,0.8471487811277001,0.011700000000000044,0.002925000000000011,0.9970749999999999,0.8832571922459563,0.0,0.0,1.4142135623730951,0.002817158490783058,0.997182841509217,13.601470508735444,0.027094562766405268,0.9729054372335947,8.06225774829855,0.016060274399001095,0.983939725600999,24.758836806279895,0.04932039204438226,0.9506796079556178
502,0.6660431199897658,0.008299999999999974,0.0020749999999999935,0.997925,0.8832571922459563,0.0,0.0,1.4142135623730951,0.002817158490783058,0.997182841509217,17.204650534085253,0.03427221221929334,0.9657277877807067,11.661903789690601,0.02323088404320837,0.9767691159567916,28.284271247461902,0.05634316981566116,0.9436568301843389
503,1.8986958519005697,0.010700000000000154,0.0026750000000000385,0.997325,0.880048071161754,0.0,0.0,1.0,0.0019880715705765406,0.9980119284294234,10.295630140987,0.0204684495844672,0.9795315504155327,5.385164807134504,0.010706093055933407,0.9892939069440666,22.20360331117452,0.04414235250730521,0.9558576474926948
501,2.7357974381537957,0.011200000000000099,0.0028000000000000247,0.9972,0.8686539404839765,0.0,0.0,1.0,0.001996007984031936,0.998003992015968,12.36931687685298,0.02468925524321952,0.9753107447567805,7.280109889280518,0.014531157463633768,0.9854688425363662,22.67156809750927,0.04525263093315223,0.9547473690668478
502,1.1535688900349044,0.006399999999999961,0.0015999999999999903,0.9984,0.8832571922459563,0.0,0.0,2.23606797749979,0.004454318680278466,0.9955456813197215,13.601470508735444,0.027094562766405268,0.9729054372335947,8.94427190999916,0.017817274721113864,0.9821827252788862,26.1725046566048,0.05213646345937211,0.9478635365406279
503,1.6014953404641261,0.0013000000000000789,0.0003250000000000197,0.999675,0.881770278737413,0.0,0.0,1.4142135623730951,0.002811557778077724,0.9971884422219223,13.892443989449804,0.027619172941252094,0.972380827058748,9.848857801796104,0.019580234198401797,0.9804197658015982,26.248809496813376,0.05218451192209419,0.9478154880779058
503,0.634921685216014,0.0026999999999999247,0.0006749999999999812,0.999325,0.8867418474160047,0.0,0.0,1.4142135623730951,0.002811557778077724,0.9971884422219223,15.0,0.02982107355864811,0.9701789264413518,9.848857801796104,0.019580234198401797,0.9804197658015982,26.1725046566048,0.05203281243857813,0.9479671875614218
505,0.9679715749552713,0.015800000000000036,0.003950000000000009,0.99605,0.8902676599305813,0.0,0.0,1.4142135623730951,0.002800422895788307,0.9971995771042117,13.038404810405298,0.025818623386941186,0.9741813766130588,6.708203932499369,0.013283572143563108,0.9867164278564369,21.93171219946131,0.043429133068240214,0.9565708669317597
501,0.44395100495663087,0.0027000000000001467,0.0006750000000000367,0.999325,0.8718484169149034,0.0,0.0,1.4142135623730951,0.0028227815616229442,0.997177218438377,16.401219466856727,0.03273696500370604,0.967263034996294,11.40175425099138,0.02275799251694886,0.9772420074830511,24.758836806279895,0.04941883594067843,0.9505811640593216
502,1.0949472336555743,0.007900000000000018,0.0019750000000000045,0.9980249999999999,0.8832571922459563,0.0,0.0,1.4142135623730951,0.002817158490783058,0.997182841509217,10.816653826391969,0.02154711917607962,0.9784528808239203,6.324555320336759,0.012598715777563265,0.9874012842224368,22.80350850198276,0.04542531574100151,0.9545746842589985
503,1.5378963033792985,0.019099999999999895,0.004774999999999974,0.995225,0.8770272252988164,0.0,0.0,1.4142135623730951,0.002811557778077724,0.9971884422219223,24.413111231467404,0.04853501238860319,0.9514649876113969,17.4928556845359,0.034777049074624054,0.9652229509253759,33.83784863137726,0.06727206487351345,0.9327279351264866
501,0.6345757194404769,0.01429999999999998,0.003574999999999995,0.996425,0.8832160349014282,0.0,0.0,1.4142135623730951,0.0028227815616229442,0.997177218438377,13.601470508735444,0.027148643730010868,0.9728513562699891,8.94427190999916,0.017852838143710897,0.9821471618562891,25.553864678361276,0.05100571792088079,0.9489942820791192
502,4.139859804546418,0.022299999999999986,0.005574999999999997,0.994425,0.8832571922459563,0.0,0.0,1.0,0.00199203187250996,0.99800796812749,8.54400374531753,0.017019927779516993,0.982980072220483,1.4142135623730951,0.002817158490783058,0.997182841509217,15.524174696260024,0.030924650789362598,0.9690753492106374
500,0.06340451681244019,0.01979999999999993,0.004949999999999982,0.99505,0.8814531286441398,0.0,0.0,1.4142135623730951,0.0028284271247461905,0.9971715728752538,14.142135623730951,0.0282842712474619,0.9717157287525381,10.295630140987,0.020591260281974003,0.979408739718026,25.079872407968907,0.050159744815937816,0.9498402551840622
499,0.5347705051153255,0.011799999999999922,0.0029499999999999804,0.99705,0.8779787628102235,0.0,0.0,1.0,0.002004008016032064,0.9979959919839679,14.866068747318506,0.029791720936510033,0.9702082790634899,4.0,0.008016032064128256,0.9919839679358717,21.93171219946131,0.04395132705302868,0.9560486729469713
500,0.5795664366700208,0.007299999999999973,0.0018249999999999933,0.998175,0.8797382392888011,0.0,0.0,1.4142135623730951,0.0028284271247461905,0.9971715728752538,14.866068747318506,0.02973213749463701,0.970267862505363,6.324555320336759,0.012649110640673518,0.9873508893593265,20.248456731316587,0.04049691346263317,0.9595030865373668
500,0.12107304968979093,0.0006000000000000449,0.00015000000000001124,0.99985,0.8750222173609877,0.0,0.0,1.0,0.002,0.998,14.866068747318506,0.02973213749463701,0.970267862505363,8.94427190999916,0.01788854381999832,0.9821114561800017,25.0,0.05,0.95
500,1.192646025243441,0.010199999999999987,0.0025499999999999967,0.99745,0.8701171075260011,0.0,0.0,1.0,0.002,0.998,15.0,0.03,0.97,4.123105625617661,0.00824621125123532,0.9917537887487646,22.360679774997898,0.044721359549995794,0.9552786404500042
498,0.410106514601992,0.01319999999999999,0.0032999999999999974,0.9967,0.8683537047273918,0.0,0.0,1.4142135623730951,0.002839786269825492,0.9971602137301745,15.556349186104045,0.03123764896808041,0.9687623510319195,3.605551275463989,0.007240062802136524,0.9927599371978635,16.492422502470642,0.033117314261989245,0.9668826857380107
501,0.39973738725544194,0.010400000000000076,0.002600000000000019,0.9974,0.8849343540354776,0.0,0.0,1.0,0.001996007984031936,0.998003992015968,14.142135623730951,0.028227815616229442,0.9717721843837706,5.0,0.00998003992015968,0.9900199600798403,21.37755832643195,0.04266977709866657,0.9573302229013334
501,0.21588248801324283,0.020399999999999974,0.005099999999999993,0.9949,0.8814977157673787,0.0,0.0,1.0,0.001996007984031936,0.998003992015968,15.556349186104045,0.031050597177852385,0.9689494028221476,10.770329614269007,0.02149766390073654,0.9785023360992635,8.06225774829855,0.016092330834927244,0.9839076691650728
502,0.506000563769021,0.00039999999999995595,9.999999999998899e-05,0.9999,0.8849789411587164,0.0,0.0,0.0,0.0,1.0,14.142135623730951,0.02817158490783058,0.9718284150921694,7.280109889280518,0.01450221093482175,0.9854977890651783,10.04987562112089,0.020019672552033647,0.9799803274479664
501,0.9402688651523192,0.0030000000000000027,0.0007500000000000007,0.99925,0.8849343540354776,0.0,0.0,1.0,0.001996007984031936,0.998003992015968,14.866068747318506,0.029672791910815382,0.9703272080891846,6.324555320336759,0.01262386291484383,0.9873761370851561,12.165525060596439,0.024282485150891094,0.975717514849109
506,0.6057468945186315,0.021199999999999997,0.005299999999999999,0.9947,0.8902950981602668,0.0,0.0,1.4142135623730951,0.002794888463187935,0.997205111536812,14.142135623730951,0.02794888463187935,0.9720511153681206,7.280109889280518,0.014387568951147268,0.9856124310488528,12.165525060596439,0.024042539645447506,0.9759574603545524
503,0.7124766769118551,0.0007000000000000339,0.00017500000000000848,0.999825,0.8884670261074755,0.0,0.0,3.0,0.005964214711729622,0.9940357852882704,14.212670403551895,0.028255805971276134,0.9717441940287239,12.206555615733702,0.024267506194301593,0.9757324938056984,4.242640687119285,0.00843467333423317,0.9915653266657668
504,0.695945195769724,0.03420000000000001,0.008550000000000002,0.9914499999999999,0.888504753673293,0.0,0.0,1.4142135623730951,0.002805979290422808,0.9971940207095772,14.866068747318506,0.02949616814944148,0.9705038318505586,7.615773105863909,0.015110660924333151,0.9848893390756669,11.704699910719626,0.02322361093396751,0.9767763890660325
504,0.7272789698290865,0.006199999999999983,0.0015499999999999958,0.9984500000000001,0.8902333621434745,0.0,0.0,1.4142135623730951,0.002805979290422808,0.9971940207095772,15.556349186104045,0.030865772194650882,0.9691342278053491,1.4142135623730951,0.002805979290422808,0.9971940207095772,17.46424919657298,0.03465128808843845,0.9653487119115616
504,2.1345617078954007,0.00990000000000002,0.002475000000000005,0.997525,0.8902333621434745,0.0,0.0,1.4142135623730951,0.002805979290422808,0.9971940207095772,15.524174696260024,0.030801933921150843,0.9691980660788492,20.0,0.03968253968253968,0.9603174603174603,2.23606797749979,0.0044366428124995826,0.9955633571875004
504,0.12029599755955189,0.00379999999999997,0.0009499999999999925,0.99905,0.888504753673293,0.0,0.0,1.4142135623730951,0.002805979290422808,0.9971940207095772,17.46424919657298,0.03465128808843845,0.9653487119115616,23.600847442411894,0.046827078258753756,0.9531729217412462,6.4031242374328485,0.012704611582208033,0.987295388417792
504,2.7375857458341173,0.007400000000000018,0.0018500000000000044,0.99815,0.888504753673293,0.0,0.0,1.4142135623730951,0.002805979290422808,0.9971940207095772,4.47213595499958,0.008873285624999165,0.9911267143750009,3.605551275463989,0.0071538715783015655,0.9928461284216984,13.92838827718412,0.027635691026158968,0.9723643089738411
505,0.8363345893912246,0.002799999999999969,0.0006999999999999923,0.9993,0.8919996981794734,0.0,0.0,1.4142135623730951,0.002800422895788307,0.9971995771042117,14.866068747318506,0.02943775989568021,0.9705622401043198,2.23606797749979,0.004427857381187702,0.9955721426188123,16.76305461424021,0.03319416755295091,0.9668058324470491
505,1.161811594541355,0.0030000000000000027,0.0007500000000000007,0.99925,0.8902676599305813,0.0,0.0,0.0,0.0,1.0,5.0,0.009900990099009901,0.9900990099009901,3.605551275463989,0.007139705495968296,0.9928602945040317,16.278820596099706,0.03223528830910833,0.9677647116908916
503,0.6642238286915862,0.0032999999999999696,0.0008249999999999924,0.999175,0.8884670261074755,0.0,0.0,1.0,0.0019880715705765406,0.9980119284294234,14.212670403551895,0.028255805971276134,0.9717441940287239,2.8284271247461903,0.005623115556155448,0.9943768844438445,18.681541692269406,0.037140241932941166,0.9628597580670588
504,1.1247006471491652,0.023099999999999954,0.0057749999999999885,0.994225,0.888504753673293,0.0,0.0,1.0,0.001984126984126984,0.998015873015873,14.866068747318506,0.02949616814944148,0.9705038318505586,4.123105625617661,0.00818076513019377,0.9918192348698063,16.55294535724685,0.032843145550092954,0.9671568544499071
508,0.3946202044420204,0.005699999999999983,0.0014249999999999957,0.998575,0.8972987062874703,0.0,0.0,1.0,0.001968503937007874,0.9980314960629921,14.212670403551895,0.027977697644787195,0.9720223023552128,6.082762530298219,0.011973941988776023,0.988026058011224,13.601470508735444,0.026774548245542214,0.9732254517544577
506,0.535334394937518,0.005600000000000049,0.0014000000000000123,0.9985999999999999,0.8937660342154724,0.0,0.0,1.0,0.001976284584980237,0.9980237154150198,14.866068747318506,0.029379582504582027,0.9706204174954179,3.605551275463989,0.0071255954060553146,0.9928744045939447,17.46424919657298,0.03451432647544067,0.9654856735245594
508,0.18569166146441418,0.034,0.0085,0.9915,0.8990410338724946,0.0,0.0,1.4142135623730951,0.0027838849653013683,0.9972161150346986,14.866068747318506,0.02926391485692619,0.9707360851430739,6.082762530298219,0.011973941988776023,0.988026058011224,13.0,0.025590551181102362,0.9744094488188977
504,0.6222625512712199,0.021800000000000014,0.0054500000000000035,0.99455,0.891961970613656,0.0,0.0,1.4142135623730951,0.002805979290422808,0.9971940207095772,5.0990195135927845,0.010117102209509492,0.9898828977904905,3.605551275463989,0.0071538715783015655,0.9928461284216984,17.4928556845359,0.03470804699312679,0.9652919530068732
508,0.580365657723938,0.01100000000000001,0.0027500000000000024,0.99725,0.8972987062874703,0.0,0.0,0.0,0.0,1.0,13.45362404707371,0.026483511903688407,0.9735164880963116,6.0,0.011811023622047244,0.9881889763779528,14.142135623730951,0.027838849653013684,0.9721611503469864
506,1.9911413312559896,0.0305,0.007625,0.992375,0.8937660342154724,0.0,0.0,1.0,0.001976284584980237,0.9980237154150198,6.708203932499369,0.013257320024702311,0.9867426799752977,5.0,0.009881422924901186,0.9901185770750988,13.601470508735444,0.026880376499477162,0.9731196235005228
506,0.596909599011525,0.018500000000000003,0.004625000000000001,0.995375,0.8937660342154724,0.0,0.0,1.4142135623730951,0.002794888463187935,0.997205111536812,4.47213595499958,0.008838213349801541,0.9911617866501985,6.708203932499369,0.013257320024702311,0.9867426799752977,16.278820596099706,0.032171582205730645,0.9678284177942693
506,0.13427119525024556,0.0179,0.004475,0.995525,0.8955015022430752,0.0,0.0,0.0,0.0,1.0,10.63014581273465,0.021008193305799703,0.9789918066942003,5.385164807134504,0.010642618195917991,0.9893573818040821,22.67156809750927,0.04480547054843729,0.9551945294515627
503,1.016629616942378,0.0591,0.014775,0.985225,0.8901922047989463,0.0,0.0,1.0,0.0019880715705765406,0.9980119284294234,15.620499351813308,0.03105467067954932,0.9689453293204506,10.0,0.019880715705765408,0.9801192842942346,28.319604517012593,0.05630140063024372,0.9436985993697563
504,0.5647760794824417,0.0801,0.020025,0.979975,0.891961970613656,0.0,0.0,1.4142135623730951,0.002805979290422808,0.9971940207095772,17.029386365926403,0.033788465011758737,0.9662115349882413,5.830951894845301,0.01156934899770893,0.9884306510022911,23.345235059857504,0.046319910833050607,0.9536800891669494
505,1.5359315288870086,0.101,0.02525,0.97475,0.8919996981794734,0.0,0.0,0.0,0.0,1.0,10.44030650891055,0.0206738742750704,0.9793261257249296,5.0990195135927845,0.010097068343748088,0.9899029316562519,21.2602916254693,0.04209958737716693,0.9579004126228331
